{
  "rougeL": 0.18664203860736595,
  "bertscore_f1": 0.21879085898399353
}