{
  "ROUGE-L": 0.13793917140684875,
  "BERTScore-F1": 0.8626737952232361
}