{
  "ROUGE-L": 0.12364154770912084,
  "BERTScore-F1": 0.8599997520446777
}