{
  "ROUGE-L": 0.17893954626348996,
  "BERTScore-F1": 0.6932879447937011
}