{
  "ROUGE-L": 0.09794052317180997,
  "BERTScore-F1": 0.8602720618247985
}